{
  "aT3_mats": [
    {"group": 1,
    "aT3": [[ 0.0000981525143,  0.0000124880235, -0.0000239996377, -0.000331595201],
            [ 0.00000119565062, -0.0000177078454,  0.0000654591462, -0.0000314731775],
            [-0.0000306891165, -0.0000489434932, -0.0000128777235,  0.0000162750988],
            [ 0.00000000,  0.00000000,  0.00000000,  1.00000000]]}
            ,
    {"group": 2,
    "aT3": [[ 0.0000877935267, -0.00000186991667,  0.0000538597348, -0.000298257163],
            [-0.0000531197428,  0.000000769395957,  0.0000882508464, -0.0000648137848],
            [-0.00000629916970, -0.000103120815, -0.00000154649964,  0.0000379588090],
            [ 0.00000000,  0.00000000,  0.00000000,  1.00000000]]}
            ,
    {"group": 3,
    "aT3": [[ 4.06148381e+08, -4.03886266e+07,  1.72735650e+09, -1.49223358e+08],
            [-1.19878769e+09,  1.19211083e+08, -5.09846597e+09,  4.40447710e+08],
            [-5.70066190e+08,  5.66891106e+07, -2.42450194e+09,  2.09448554e+08],
            [ 0.00000000,  0.00000000,  0.00000000,  1.00000000]]}
  ]
} 