{
  "aT3_mats": [
    {"group": 1,
    "aT3": [[ 0.912026,   -0.34689832, -0.2763598,  -3.12634777],
            [ 0.23858943, -0.11258741,  0.98052896, -0.48762414],
            [-0.37019498, -0.94130543, -0.0055431,   0.45773867],
            [ 0 ,          0 ,          0 ,          1         ]]}
            ,
    {"group": 2,
    "aT3": [[ 0.85596264, -0.02132237,  0.52631494, -2.96647833],
            [-0.52683701,  0.0059154,   0.85450994, -0.64889575],
            [-0.02405055, -1.00111993, -0.00537529,  0.34986648],
            [ 0 ,          0 ,          0 ,          1         ]]}
            ,
    {"group": 3,
    "aT3": [[ 0.20224693, -0.13108116, -0.95255127, -2.84242186],
            [ 0.80367377, -0.52128807,  0.23876135,  0.09207237],
            [-0.54057479, -0.82626035, -0.00575529,  0.25303337],
            [ 0 ,          0 ,          0 ,          1         ]]}
  ]
} 