{
  "aT3_mats": [
    {"group": 1,
    "aT3": [[ 0.98152514,  0.12488024, -0.23999638, -3.31595201],
            [ 0.01195651, -0.17707845,  0.65459146, -0.31473178],
            [-0.03068912, -0.48943493, -0.12877724,  0.16275099],
            [ 0,          0,          0,          1        ]]}
            ,
    {"group": 2,
    "aT3": [[ 0.87793527, -0.01869917,  0.53859735, -2.98257163],
            [-0.53119743,  0.00769396,  0.88250846, -0.64813785],
            [-0.0629917,  -1.03120815, -0.015465,    0.37958809],
            [ 0,          0,          0,          1        ]]}
            ,
    {"group": 3,
    "aT3": [[ 4.06148381e+08, -4.03886266e+07,  1.72735650e+09, -1.49223358e+08],
            [-1.19878769e+09,  1.19211083e+08, -5.09846597e+09,  4.40447710e+08],
            [-5.70066190e+08,  5.66891106e+07, -2.42450194e+09,  2.09448554e+08],
            [ 0.00000000,  0.00000000,  0.00000000,  1.00000000]]}
  ]
} 