{
  "aT3_mats": [
    {"group": 1,
    "aT3": [[ 0.98152514,  0.12488024, -0.23999638, -3.31595201],
            [ 0.01195651, -0.17707845,  0.65459146, -0.31473178],
            [-0.03068912, -0.48943493, -0.12877724,  0.16275099],
            [ 0,          0,          0,          1        ]]}
            ,
    {"group": 2,
    "aT3": [[ 0.87793527, -0.01869917,  0.53859735, -2.98257163],
            [-0.53119743,  0.00769396,  0.88250846, -0.64813785],
            [-0.0629917,  -1.03120815, -0.015465,    0.37958809],
            [ 0,          0,          0,          1        ]]}
            ,
    {"group": 3,
    "aT3": [[ 0.21752969, -0.11779437, -0.90806604, -2.85313996],
            [ 0.77951742, -0.51434724,  0.24367544,  0.10359267],
            [-0.53883176, -0.78837282, -0.01720323,  0.25052111],
            [ 0,          0,          0,          1        ]]}
  ]
} 